activity,firms_out_of_111,examplefirm_observed
SM1.1,84,1
AM1.2,57,
AA1.1,89,1
PT1.1,95,
SM1.3,66,
AM1.3,44,1
AA1.2,51,1
PT1.2,87,1
SM1.4,100,
AM1.5,78,
AA1.4,57,
PT1.3,67,1
SM1.7,71,
AM2.1,20,
AA2.1,35,
PT2.2,40,
SM2.1,54,
AM2.6,16,1
AA2.2,38,1
PT2.3,56,
SM2.3,55,
AM2.7,18,1
AA2.4,36,1
PT3.1,25,1
SM2.6,62,
AM2.8,26,
AA3.1,17,
PT3.2,25,
SM2.7,49,1
AM2.9,22,
AA3.2,7,
SM3.1,31,
AM3.2,5,
AA3.3,14,
SM3.2,25,
AM3.4,9,
SM3.3,30,
AM3.5,12,
SM3.4,9,
SM3.5,5,
CP1.1,88,1
SFD1.1,85,1
CR1.2,75,1
SE1.1,73,
CP1.2,94,1
SFD1.2,77,1
CR1.4,95,1
SE1.2,96,1
CP1.3,92,1
SFD2.1,44,
CR1.5,74,
SE1.3,79,1
CP2.1,46,
SFD2.2,62,
CR1.7,47,
SE1.4,69,1
CP2.2,56,
SFD3.1,16,
CR2.6,29,1
SE2.4,52,
CP2.3,63,
SFD3.2,22,
CR2.7,19,
SE2.5,59,1
CP2.4,61,
SFD3.3,11,
CR2.8,28,1
SE2.7,40,1
CP2.5,68,1
CR3.2,18,
SE3.2,25,
CP3.1,40,
CR3.3,8,
SE3.3,22,
CP3.2,41,
CR3.4,3,
SE3.6,31,
CP3.3,15,
CR3.5,4,
SE3.8,8,
SE3.9,13,
SE3.10,6,
T1.1,61,1
SR1.1,82,1
ST1.1,93,1
CMVM1.1,106,1
T1.7,61,1
SR1.2,88,1
ST1.3,66,1
CMVM1.2,76,
T1.8,52,
SR1.3,77,
ST1.4,47,
CMVM1.3,82,1
T2.5,30,
SR1.5,88,1
ST2.4,20,
CMVM1.4,86,
T2.8,25,1
SR2.2,65,
ST2.5,30,
CMVM2.3,38,
T2.9,30,1
SR2.5,62,1
ST2.6,28,
CMVM2.4,53,
T2.10,21,
SR2.7,53,
ST3.3,15,
CMVM3.1,16,
T2.11,30,
SR3.2,17,
ST3.4,6,
CMVM3.2,27,
T2.12,45,
SR3.3,19,
ST3.5,9,
CMVM3.3,29,1
T3.1,8,
SR3.4,26,
ST3.6,10,
CMVM3.4,34,1
T3.2,21,
SR3.5,2,
CMVM3.5,24,
T3.6,8,
CMVM3.6,5,
CMVM3.8,3,
