activity,domain,practice,level,firms_out_of_111,firms_percentage,activity_header_percentage
SM1.1,Governance,SM,1,84,75.68%,75.7%
AM1.2,Intelligence,AM,1,57,51.35%,51.4%
AA1.1,SSDL Touchpoints,AA,1,89,80.18%,80.2%
PT1.1,Deployment,PT,1,95,85.59%,85.6%
SM1.3,Governance,SM,1,66,59.46%,59.5%
AM1.3,Intelligence,AM,1,44,39.64%,39.6%
AA1.2,SSDL Touchpoints,AA,1,51,45.95%,46.0%
PT1.2,Deployment,PT,1,87,78.38%,78.4%
SM1.4,Governance,SM,1,100,90.09%,90.1%
AM1.5,Intelligence,AM,1,78,70.27%,70.3%
AA1.4,SSDL Touchpoints,AA,1,57,51.35%,51.4%
PT1.3,Deployment,PT,1,67,60.36%,60.4%
SM1.7,Governance,SM,1,71,63.96%,64.0%
AM2.1,Intelligence,AM,2,20,18.02%,18.0%
AA2.1,SSDL Touchpoints,AA,2,35,31.53%,31.5%
PT2.2,Deployment,PT,2,40,36.04%,36.0%
SM2.1,Governance,SM,2,54,48.65%,48.6%
AM2.6,Intelligence,AM,2,16,14.41%,14.4%
AA2.2,SSDL Touchpoints,AA,2,38,34.23%,34.2%
PT2.3,Deployment,PT,2,56,50.45%,50.5%
SM2.3,Governance,SM,2,55,49.55%,49.5%
AM2.7,Intelligence,AM,2,18,16.22%,16.2%
AA2.4,SSDL Touchpoints,AA,2,36,32.43%,32.4%
PT3.1,Deployment,PT,3,25,22.52%,22.5%
SM2.6,Governance,SM,2,62,55.86%,55.9%
AM2.8,Intelligence,AM,2,26,23.42%,23.4%
AA3.1,SSDL Touchpoints,AA,3,17,15.32%,15.3%
PT3.2,Deployment,PT,3,25,22.52%,22.5%
SM2.7,Governance,SM,2,49,44.14%,44.1%
AM2.9,Intelligence,AM,2,22,19.82%,19.8%
AA3.2,SSDL Touchpoints,AA,3,7,6.31%,6.3%
SM3.1,Governance,SM,3,31,27.93%,27.9%
AM3.2,Intelligence,AM,3,5,4.50%,4.5%
AA3.3,SSDL Touchpoints,AA,3,14,12.61%,12.6%
SM3.2,Governance,SM,3,25,22.52%,22.5%
AM3.4,Intelligence,AM,3,9,8.11%,8.1%
SM3.3,Governance,SM,3,30,27.03%,27.0%
AM3.5,Intelligence,AM,3,12,10.81%,10.8%
SM3.4,Governance,SM,3,9,8.11%,8.1%
SM3.5,Governance,SM,3,5,4.50%,4.5%
CP1.1,Governance,CP,1,88,79.28%,79.3%
SFD1.1,Intelligence,SFD,1,85,76.58%,76.6%
CR1.2,SSDL Touchpoints,CR,1,75,67.57%,67.6%
SE1.1,Deployment,SE,1,73,65.77%,65.8%
CP1.2,Governance,CP,1,94,84.68%,84.7%
SFD1.2,Intelligence,SFD,1,77,69.37%,69.4%
CR1.4,SSDL Touchpoints,CR,1,95,85.59%,85.6%
SE1.2,Deployment,SE,1,96,86.49%,86.5%
CP1.3,Governance,CP,1,92,82.88%,82.9%
SFD2.1,Intelligence,SFD,2,44,39.64%,39.6%
CR1.5,SSDL Touchpoints,CR,1,74,66.67%,66.7%
SE1.3,Deployment,SE,1,79,71.17%,71.2%
CP2.1,Governance,CP,2,46,41.44%,41.4%
SFD2.2,Intelligence,SFD,2,62,55.86%,55.9%
CR1.7,SSDL Touchpoints,CR,1,47,42.34%,42.3%
SE1.4,Deployment,SE,1,69,62.16%,62.1%
CP2.2,Governance,CP,2,56,50.45%,50.5%
SFD3.1,Intelligence,SFD,3,16,14.41%,14.4%
CR2.6,SSDL Touchpoints,CR,2,29,26.13%,26.1%
SE2.4,Deployment,SE,2,52,46.85%,46.9%
CP2.3,Governance,CP,2,63,56.76%,56.8%
SFD3.2,Intelligence,SFD,3,22,19.82%,19.8%
CR2.7,SSDL Touchpoints,CR,2,19,17.12%,17.1%
SE2.5,Deployment,SE,2,59,53.15%,53.2%
CP2.4,Governance,CP,2,61,54.95%,55.0%
SFD3.3,Intelligence,SFD,3,11,9.91%,9.9%
CR2.8,SSDL Touchpoints,CR,2,28,25.23%,25.2%
SE2.7,Deployment,SE,2,40,36.04%,36.0%
CP2.5,Governance,CP,2,68,61.26%,61.3%
CR3.2,SSDL Touchpoints,CR,3,18,16.22%,16.2%
SE3.2,Deployment,SE,3,25,22.52%,22.5%
CP3.1,Governance,CP,3,40,36.04%,36.0%
CR3.3,SSDL Touchpoints,CR,3,8,7.21%,7.2%
SE3.3,Deployment,SE,3,22,19.82%,19.8%
CP3.2,Governance,CP,3,41,36.94%,36.9%
CR3.4,SSDL Touchpoints,CR,3,3,2.70%,2.7%
SE3.6,Deployment,SE,3,31,27.93%,27.9%
CP3.3,Governance,CP,3,15,13.51%,13.5%
CR3.5,SSDL Touchpoints,CR,3,4,3.60%,3.6%
SE3.8,Deployment,SE,3,8,7.21%,7.2%
SE3.9,Deployment,SE,3,13,11.71%,11.7%
SE3.10,Deployment,SE,3,6,5.41%,5.4%
T1.1,Governance,T,1,61,54.95%,55.0%
SR1.1,Intelligence,SR,1,82,73.87%,73.9%
ST1.1,SSDL Touchpoints,ST,1,93,83.78%,83.8%
CMVM1.1,Deployment,CMVM,1,106,95.50%,95.5%
T1.7,Governance,T,1,61,54.95%,55.0%
SR1.2,Intelligence,SR,1,88,79.28%,79.3%
ST1.3,SSDL Touchpoints,ST,1,66,59.46%,59.5%
CMVM1.2,Deployment,CMVM,1,76,68.47%,68.5%
T1.8,Governance,T,1,52,46.85%,46.9%
SR1.3,Intelligence,SR,1,77,69.37%,69.4%
ST1.4,SSDL Touchpoints,ST,1,47,42.34%,42.3%
CMVM1.3,Deployment,CMVM,1,82,73.87%,73.9%
T2.5,Governance,T,2,30,27.03%,27.0%
SR1.5,Intelligence,SR,1,88,79.28%,79.3%
ST2.4,SSDL Touchpoints,ST,2,20,18.02%,18.0%
CMVM1.4,Deployment,CMVM,1,86,77.48%,77.5%
T2.8,Governance,T,2,25,22.52%,22.5%
SR2.2,Intelligence,SR,2,65,58.56%,56.6%
ST2.5,SSDL Touchpoints,ST,2,30,27.03%,27.0%
CMVM2.3,Deployment,CMVM,2,38,34.23%,34.2%
T2.9,Governance,T,2,30,27.03%,27.0%
SR2.5,Intelligence,SR,2,62,55.86%,55.9%
ST2.6,SSDL Touchpoints,ST,2,28,25.23%,25.2%
CMVM2.4,Deployment,CMVM,2,53,47.75%,47.8%
T2.10,Governance,T,2,21,18.92%,18.9%
SR2.7,Intelligence,SR,2,53,47.75%,47.8%
ST3.3,SSDL Touchpoints,ST,3,15,13.51%,13.5%
CMVM3.1,Deployment,CMVM,3,16,14.41%,14.4%
T2.11,Governance,T,2,30,27.03%,27.0%
SR3.2,Intelligence,SR,3,17,15.32%,15.3%
ST3.4,SSDL Touchpoints,ST,3,6,5.41%,5.4%
CMVM3.2,Deployment,CMVM,3,27,24.32%,24.3%
T2.12,Governance,T,2,45,40.54%,40.5%
SR3.3,Intelligence,SR,3,19,17.12%,17.1%
ST3.5,SSDL Touchpoints,ST,3,9,8.11%,8.1%
CMVM3.3,Deployment,CMVM,3,29,26.13%,26.1%
T3.1,Governance,T,3,8,7.21%,7.2%
SR3.4,Intelligence,SR,3,26,23.42%,23.4%
ST3.6,SSDL Touchpoints,ST,3,10,9.01%,9.0%
CMVM3.4,Deployment,CMVM,3,34,30.63%,30.6%
T3.2,Governance,T,3,21,18.92%,18.9%
SR3.5,Intelligence,SR,3,2,1.80%,1.8%
CMVM3.5,Deployment,CMVM,3,24,21.62%,21.6%
T3.6,Governance,T,3,8,7.21%,7.2%
CMVM3.6,Deployment,CMVM,3,5,4.50%,4.5%
CMVM3.8,Deployment,CMVM,3,3,2.70%,2.7%
