activity,BSIMM7,BSIMM8,BSIMM9,BSIMM10,BSIMM11,BSIMM12,BSIMM13,BSIMM14,BSIMM15,BSIMM16
SE3.4 (now SE2.5),0,4,11,14,31,44,52,63,64,59
SE3.5 (now SE2.7),,,0,5,22,33,42,47,42,40
SE3.6,,,0,3,12,14,18,22,25,31
SE3.7 (now SE1.3),,,0,9,36,59,79,92,87,79
SM3.4,,,,0,1,6,5,8,11,9
AM3.3 (now AM2.9),,,,0,4,6,11,17,18,22
CMVM3.5,,,,0,8,10,13,16,17,24
ST3.6,,,,,0,2,3,6,8,10
CMVM3.6,,,,,0,0,3,3,4,5
CMVM3.7 (now CMVM2.4),,,,,,0,20,35,41,53
SM3.5,,,,,,,0,0,1,5
SE3.8,,,,,,,0,2,3,8
CMVM3.8,,,,,,,0,0,1,3
SE3.9,,,,,,,,0,3,13
SR3.5,,,,,,,,,0,2
SE3.10,,,,,,,,,0,6
